observation_date,IHLIDXUS
2020-02-01,100.00
2020-02-02,100.02
2020-02-03,100.03
2020-02-04,100.06
2020-02-05,100.13
2020-02-06,100.26
2020-02-07,100.27
2020-02-08,100.31
2020-02-09,100.29
2020-02-10,100.37
2020-02-11,100.42
2020-02-12,100.48
2020-02-13,100.50
2020-02-14,100.52
2020-02-15,100.33
2020-02-16,100.28
2020-02-17,100.19
2020-02-18,100.04
2020-02-19,99.89
2020-02-20,99.75
2020-02-21,99.64
2020-02-22,99.62
2020-02-23,99.59
2020-02-24,99.57
2020-02-25,99.63
2020-02-26,99.69
2020-02-27,99.73
2020-02-28,99.78
2020-02-29,99.90
2020-03-01,99.95
2020-03-02,100.01
2020-03-03,99.99
2020-03-04,99.93
2020-03-05,99.87
2020-03-06,99.83
2020-03-07,99.76
2020-03-08,99.65
2020-03-09,99.44
2020-03-10,99.35
2020-03-11,99.24
2020-03-12,99.13
2020-03-13,98.90
2020-03-14,98.66
2020-03-15,98.38
2020-03-16,98.25
2020-03-17,97.75
2020-03-18,97.04
2020-03-19,96.17
2020-03-20,95.11
2020-03-21,93.66
2020-03-22,92.37
2020-03-23,90.84
2020-03-24,89.50
2020-03-25,88.10
2020-03-26,86.69
2020-03-27,85.15
2020-03-28,83.93
2020-03-29,82.53
2020-03-30,81.37
2020-03-31,80.17
2020-04-01,79.02
2020-04-02,77.88
2020-04-03,77.01
2020-04-04,75.89
2020-04-05,74.77
2020-04-06,73.68
2020-04-07,72.58
2020-04-08,71.70
2020-04-09,70.85
2020-04-10,69.96
2020-04-11,69.39
2020-04-12,68.87
2020-04-13,68.31
2020-04-14,67.82
2020-04-15,67.26
2020-04-16,66.79
2020-04-17,66.33
2020-04-18,65.90
2020-04-19,65.46
2020-04-20,65.09
2020-04-21,64.74
2020-04-22,64.35
2020-04-23,63.99
2020-04-24,63.67
2020-04-25,63.42
2020-04-26,63.16
2020-04-27,62.89
2020-04-28,62.60
2020-04-29,62.40
2020-04-30,62.27
2020-05-01,62.22
2020-05-02,62.11
2020-05-03,62.02
2020-05-04,61.89
2020-05-05,61.82
2020-05-06,61.82
2020-05-07,61.85
2020-05-08,61.81
2020-05-09,61.88
2020-05-10,62.01
2020-05-11,62.07
2020-05-12,62.15
2020-05-13,61.86
2020-05-14,61.80
2020-05-15,62.03
2020-05-16,62.11
2020-05-17,62.22
2020-05-18,62.42
2020-05-19,62.59
2020-05-20,63.09
2020-05-21,63.41
2020-05-22,63.58
2020-05-23,63.85
2020-05-24,64.01
2020-05-25,64.07
2020-05-26,64.13
2020-05-27,64.19
2020-05-28,64.19
2020-05-29,64.31
2020-05-30,64.60
2020-05-31,64.84
2020-06-01,65.15
2020-06-02,65.58
2020-06-03,66.04
2020-06-04,66.53
2020-06-05,66.88
2020-06-06,67.13
2020-06-07,67.44
2020-06-08,67.70
2020-06-09,67.92
2020-06-10,68.13
2020-06-11,68.35
2020-06-12,68.57
2020-06-13,68.77
2020-06-14,69.07
2020-06-15,69.52
2020-06-16,69.91
2020-06-17,70.30
2020-06-18,70.72
2020-06-19,71.13
2020-06-20,71.64
2020-06-21,72.17
2020-06-22,72.58
2020-06-23,72.77
2020-06-24,72.96
2020-06-25,73.12
2020-06-26,73.21
2020-06-27,73.21
2020-06-28,73.01
2020-06-29,73.18
2020-06-30,73.61
2020-07-01,74.04
2020-07-02,74.28
2020-07-03,74.60
2020-07-04,74.89
2020-07-05,75.32
2020-07-06,75.39
2020-07-07,75.45
2020-07-08,75.61
2020-07-09,75.99
2020-07-10,76.34
2020-07-11,76.76
2020-07-12,77.12
2020-07-13,77.47
2020-07-14,77.83
2020-07-15,78.05
2020-07-16,78.21
2020-07-17,78.36
2020-07-18,78.32
2020-07-19,78.44
2020-07-20,78.63
2020-07-21,78.83
2020-07-22,79.13
2020-07-23,79.48
2020-07-24,79.85
2020-07-25,80.38
2020-07-26,80.78
2020-07-27,81.09
2020-07-28,81.40
2020-07-29,81.64
2020-07-30,81.84
2020-07-31,82.01
2020-08-01,82.18
2020-08-02,82.33
2020-08-03,82.50
2020-08-04,82.56
2020-08-05,82.62
2020-08-06,82.61
2020-08-07,82.63
2020-08-08,82.61
2020-08-09,82.56
2020-08-10,82.53
2020-08-11,82.58
2020-08-12,82.53
2020-08-13,82.54
2020-08-14,82.52
2020-08-15,82.34
2020-08-16,82.39
2020-08-17,82.42
2020-08-18,82.44
2020-08-19,82.56
2020-08-20,82.72
2020-08-21,82.84
2020-08-22,83.11
2020-08-23,83.18
2020-08-24,83.24
2020-08-25,83.36
2020-08-26,83.43
2020-08-27,83.46
2020-08-28,83.54
2020-08-29,83.66
2020-08-30,83.78
2020-08-31,83.89
2020-09-01,84.01
2020-09-02,84.15
2020-09-03,84.37
2020-09-04,84.55
2020-09-05,84.65
2020-09-06,84.80
2020-09-07,84.98
2020-09-08,85.03
2020-09-09,85.07
2020-09-10,85.21
2020-09-11,85.39
2020-09-12,85.57
2020-09-13,85.65
2020-09-14,85.65
2020-09-15,85.84
2020-09-16,86.06
2020-09-17,86.26
2020-09-18,86.45
2020-09-19,86.60
2020-09-20,86.86
2020-09-21,87.09
2020-09-22,87.33
2020-09-23,87.53
2020-09-24,87.62
2020-09-25,87.72
2020-09-26,87.80
2020-09-27,87.89
2020-09-28,88.04
2020-09-29,88.23
2020-09-30,88.45
2020-10-01,88.56
2020-10-02,88.72
2020-10-03,88.95
2020-10-04,89.12
2020-10-05,89.26
2020-10-06,89.31
2020-10-07,89.40
2020-10-08,89.60
2020-10-09,89.71
2020-10-10,89.86
2020-10-11,90.02
2020-10-12,90.23
2020-10-13,90.38
2020-10-14,90.42
2020-10-15,90.51
2020-10-16,90.55
2020-10-17,90.44
2020-10-18,90.40
2020-10-19,90.39
2020-10-20,90.50
2020-10-21,90.64
2020-10-22,90.78
2020-10-23,90.88
2020-10-24,91.10
2020-10-25,91.22
2020-10-26,91.28
2020-10-27,91.35
2020-10-28,91.39
2020-10-29,91.37
2020-10-30,91.42
2020-10-31,91.49
2020-11-01,91.63
2020-11-02,91.87
2020-11-03,91.98
2020-11-04,92.11
2020-11-05,92.27
2020-11-06,92.44
2020-11-07,92.69
2020-11-08,92.87
2020-11-09,92.95
2020-11-10,93.12
2020-11-11,93.29
2020-11-12,93.43
2020-11-13,93.55
2020-11-14,93.35
2020-11-15,93.37
2020-11-16,93.41
2020-11-17,93.40
2020-11-18,93.43
2020-11-19,93.45
2020-11-20,93.48
2020-11-21,93.75
2020-11-22,93.91
2020-11-23,94.08
2020-11-24,94.23
2020-11-25,94.32
2020-11-26,94.48
2020-11-27,94.57
2020-11-28,94.60
2020-11-29,94.48
2020-11-30,94.41
2020-12-01,94.32
2020-12-02,94.31
2020-12-03,94.28
2020-12-04,94.29
2020-12-05,94.37
2020-12-06,94.46
2020-12-07,94.55
2020-12-08,94.65
2020-12-09,94.68
2020-12-10,94.67
2020-12-11,94.76
2020-12-12,94.75
2020-12-13,94.94
2020-12-14,95.11
2020-12-15,95.26
2020-12-16,95.42
2020-12-17,95.51
2020-12-18,95.53
2020-12-19,95.62
2020-12-20,95.56
2020-12-21,95.46
2020-12-22,95.45
2020-12-23,95.40
2020-12-24,95.39
2020-12-25,95.32
2020-12-26,95.29
2020-12-27,95.29
2020-12-28,95.33
2020-12-29,95.34
2020-12-30,95.45
2020-12-31,95.47
2021-01-01,95.51
2021-01-02,95.52
2021-01-03,95.46
2021-01-04,95.43
2021-01-05,95.36
2021-01-06,95.47
2021-01-07,95.68
2021-01-08,96.06
2021-01-09,96.41
2021-01-10,96.88
2021-01-11,97.29
2021-01-12,97.63
2021-01-13,97.80
2021-01-14,98.04
2021-01-15,98.16
2021-01-16,98.35
2021-01-17,98.41
2021-01-18,98.49
2021-01-19,98.70
2021-01-20,98.89
2021-01-21,98.99
2021-01-22,99.08
2021-01-23,98.99
2021-01-24,99.11
2021-01-25,99.26
2021-01-26,99.30
2021-01-27,99.35
2021-01-28,99.52
2021-01-29,99.66
2021-01-30,99.99
2021-01-31,100.18
2021-02-01,100.39
2021-02-02,100.71
2021-02-03,100.91
2021-02-04,100.90
2021-02-05,101.16
2021-02-06,101.33
2021-02-07,101.57
2021-02-08,101.73
2021-02-09,101.86
2021-02-10,102.17
2021-02-11,102.63
2021-02-12,102.93
2021-02-13,103.29
2021-02-14,103.52
2021-02-15,103.84
2021-02-16,104.14
2021-02-17,104.34
2021-02-18,104.49
2021-02-19,104.60
2021-02-20,104.56
2021-02-21,104.69
2021-02-22,104.80
2021-02-23,104.88
2021-02-24,105.06
2021-02-25,105.27
2021-02-26,105.46
2021-02-27,105.78
2021-02-28,105.97
2021-03-01,106.02
2021-03-02,106.18
2021-03-03,106.34
2021-03-04,106.60
2021-03-05,106.89
2021-03-06,107.14
2021-03-07,107.44
2021-03-08,107.82
2021-03-09,108.21
2021-03-10,108.49
2021-03-11,108.75
2021-03-12,109.04
2021-03-13,109.53
2021-03-14,109.84
2021-03-15,110.16
2021-03-16,110.49
2021-03-17,110.83
2021-03-18,111.17
2021-03-19,111.49
2021-03-20,111.74
2021-03-21,112.13
2021-03-22,112.50
2021-03-23,112.94
2021-03-24,113.41
2021-03-25,113.79
2021-03-26,114.23
2021-03-27,114.77
2021-03-28,115.22
2021-03-29,115.67
2021-03-30,116.20
2021-03-31,116.81
2021-04-01,117.35
2021-04-02,117.79
2021-04-03,118.16
2021-04-04,118.65
2021-04-05,119.21
2021-04-06,119.56
2021-04-07,119.77
2021-04-08,120.05
2021-04-09,120.41
2021-04-10,120.59
2021-04-11,120.70
2021-04-12,120.84
2021-04-13,121.01
2021-04-14,121.27
2021-04-15,121.58
2021-04-16,121.85
2021-04-17,122.31
2021-04-18,122.77
2021-04-19,123.15
2021-04-20,123.54
2021-04-21,123.91
2021-04-22,124.23
2021-04-23,124.58
2021-04-24,124.87
2021-04-25,125.10
2021-04-26,125.30
2021-04-27,125.53
2021-04-28,125.71
2021-04-29,125.91
2021-04-30,126.07
2021-05-01,126.18
2021-05-02,126.26
2021-05-03,126.40
2021-05-04,126.51
2021-05-05,126.63
2021-05-06,126.80
2021-05-07,126.73
2021-05-08,126.95
2021-05-09,127.26
2021-05-10,127.52
2021-05-11,127.78
2021-05-12,128.12
2021-05-13,128.41
2021-05-14,128.87
2021-05-15,129.02
2021-05-16,129.14
2021-05-17,129.27
2021-05-18,129.39
2021-05-19,129.37
2021-05-20,129.38
2021-05-21,129.36
2021-05-22,129.24
2021-05-23,129.35
2021-05-24,129.40
2021-05-25,129.47
2021-05-26,129.63
2021-05-27,129.79
2021-05-28,130.05
2021-05-29,130.49
2021-05-30,130.74
2021-05-31,131.07
2021-06-01,131.19
2021-06-02,131.30
2021-06-03,131.42
2021-06-04,131.57
2021-06-05,131.64
2021-06-06,131.71
2021-06-07,131.69
2021-06-08,131.86
2021-06-09,132.05
2021-06-10,132.20
2021-06-11,132.33
2021-06-12,132.49
2021-06-13,132.59
2021-06-14,132.81
2021-06-15,133.13
2021-06-16,133.30
2021-06-17,133.42
2021-06-18,133.48
2021-06-19,133.66
2021-06-20,133.80
2021-06-21,134.01
2021-06-22,134.01
2021-06-23,134.19
2021-06-24,134.44
2021-06-25,134.73
2021-06-26,134.95
2021-06-27,135.22
2021-06-28,135.42
2021-06-29,135.72
2021-06-30,135.96
2021-07-01,136.21
2021-07-02,136.23
2021-07-03,136.36
2021-07-04,136.46
2021-07-05,136.57
2021-07-06,136.61
2021-07-07,136.63
2021-07-08,136.65
2021-07-09,136.90
2021-07-10,136.89
2021-07-11,136.90
2021-07-12,136.87
2021-07-13,136.96
2021-07-14,137.00
2021-07-15,137.09
2021-07-16,137.13
2021-07-17,137.32
2021-07-18,137.62
2021-07-19,137.99
2021-07-20,138.30
2021-07-21,138.36
2021-07-22,138.22
2021-07-23,138.10
2021-07-24,137.88
2021-07-25,137.53
2021-07-26,137.08
2021-07-27,136.69
2021-07-28,136.57
2021-07-29,136.53
2021-07-30,136.34
2021-07-31,136.48
2021-08-01,136.57
2021-08-02,136.72
2021-08-03,136.77
2021-08-04,136.89
2021-08-05,137.05
2021-08-06,137.44
2021-08-07,137.44
2021-08-08,137.58
2021-08-09,137.71
2021-08-10,137.90
2021-08-11,138.00
2021-08-12,138.19
2021-08-13,138.34
2021-08-14,138.60
2021-08-15,138.77
2021-08-16,138.92
2021-08-17,139.09
2021-08-18,139.29
2021-08-19,139.48
2021-08-20,139.66
2021-08-21,139.89
2021-08-22,140.19
2021-08-23,140.46
2021-08-24,140.62
2021-08-25,140.88
2021-08-26,141.01
2021-08-27,141.09
2021-08-28,141.15
2021-08-29,141.23
2021-08-30,141.34
2021-08-31,141.46
2021-09-01,141.46
2021-09-02,141.54
2021-09-03,141.67
2021-09-04,141.70
2021-09-05,141.84
2021-09-06,142.05
2021-09-07,142.09
2021-09-08,142.30
2021-09-09,142.42
2021-09-10,142.38
2021-09-11,142.40
2021-09-12,142.31
2021-09-13,142.16
2021-09-14,142.38
2021-09-15,142.55
2021-09-16,142.65
2021-09-17,142.93
2021-09-18,143.23
2021-09-19,143.54
2021-09-20,143.83
2021-09-21,143.91
2021-09-22,144.00
2021-09-23,144.14
2021-09-24,144.21
2021-09-25,144.22
2021-09-26,144.21
2021-09-27,144.24
2021-09-28,144.38
2021-09-29,144.45
2021-09-30,144.59
2021-10-01,144.79
2021-10-02,145.07
2021-10-03,145.29
2021-10-04,145.49
2021-10-05,145.61
2021-10-06,145.74
2021-10-07,145.84
2021-10-08,145.94
2021-10-09,146.10
2021-10-10,146.21
2021-10-11,146.33
2021-10-12,146.38
2021-10-13,146.36
2021-10-14,146.44
2021-10-15,146.57
2021-10-16,146.41
2021-10-17,146.53
2021-10-18,146.54
2021-10-19,146.77
2021-10-20,147.00
2021-10-21,147.20
2021-10-22,147.40
2021-10-23,147.76
2021-10-24,147.89
2021-10-25,148.11
2021-10-26,148.21
2021-10-27,148.37
2021-10-28,148.47
2021-10-29,148.51
2021-10-30,148.65
2021-10-31,148.80
2021-11-01,149.06
2021-11-02,149.45
2021-11-03,149.72
2021-11-04,149.97
2021-11-05,150.30
2021-11-06,150.38
2021-11-07,150.74
2021-11-08,150.97
2021-11-09,151.06
2021-11-10,151.29
2021-11-11,151.72
2021-11-12,151.98
2021-11-13,152.34
2021-11-14,152.52
2021-11-15,152.77
2021-11-16,153.11
2021-11-17,153.41
2021-11-18,153.53
2021-11-19,153.84
2021-11-20,153.93
2021-11-21,154.30
2021-11-22,154.66
2021-11-23,154.84
2021-11-24,154.99
2021-11-25,155.09
2021-11-26,155.08
2021-11-27,155.32
2021-11-28,155.18
2021-11-29,154.96
2021-11-30,154.91
2021-12-01,154.86
2021-12-02,155.00
2021-12-03,155.08
2021-12-04,155.42
2021-12-05,155.81
2021-12-06,156.27
2021-12-07,156.61
2021-12-08,156.98
2021-12-09,157.22
2021-12-10,157.56
2021-12-11,157.44
2021-12-12,157.61
2021-12-13,157.75
2021-12-14,158.00
2021-12-15,158.12
2021-12-16,158.16
2021-12-17,158.39
2021-12-18,158.71
2021-12-19,158.83
2021-12-20,158.89
2021-12-21,158.69
2021-12-22,158.49
2021-12-23,158.38
2021-12-24,158.04
2021-12-25,157.79
2021-12-26,157.50
2021-12-27,157.34
2021-12-28,157.46
2021-12-29,157.55
2021-12-30,157.61
2021-12-31,157.60
2022-01-01,157.52
2022-01-02,157.38
2022-01-03,157.10
2022-01-04,156.89
2022-01-05,156.73
2022-01-06,156.62
2022-01-07,156.64
2022-01-08,156.55
2022-01-09,156.69
2022-01-10,156.83
2022-01-11,156.81
2022-01-12,156.83
2022-01-13,156.84
2022-01-14,156.44
2022-01-15,156.59
2022-01-16,156.52
2022-01-17,156.45
2022-01-18,156.46
2022-01-19,156.52
2022-01-20,156.52
2022-01-21,156.87
2022-01-22,156.73
2022-01-23,156.73
2022-01-24,156.76
2022-01-25,156.83
2022-01-26,156.87
2022-01-27,156.96
2022-01-28,157.10
2022-01-29,157.37
2022-01-30,157.61
2022-01-31,157.76
2022-02-01,157.89
2022-02-02,158.07
2022-02-03,158.25
2022-02-04,158.39
2022-02-05,158.52
2022-02-06,158.59
2022-02-07,158.75
2022-02-08,158.80
2022-02-09,158.92
2022-02-10,159.08
2022-02-11,159.25
2022-02-12,159.44
2022-02-13,159.56
2022-02-14,159.59
2022-02-15,159.71
2022-02-16,159.85
2022-02-17,159.91
2022-02-18,159.97
2022-02-19,159.87
2022-02-20,160.01
2022-02-21,160.24
2022-02-22,160.25
2022-02-23,160.21
2022-02-24,160.31
2022-02-25,160.39
2022-02-26,160.68
2022-02-27,160.68
2022-02-28,160.64
2022-03-01,160.68
2022-03-02,160.70
2022-03-03,160.62
2022-03-04,160.58
2022-03-05,160.41
2022-03-06,160.44
2022-03-07,160.43
2022-03-08,160.50
2022-03-09,160.62
2022-03-10,160.64
2022-03-11,160.66
2022-03-12,160.80
2022-03-13,160.81
2022-03-14,160.83
2022-03-15,160.79
2022-03-16,160.80
2022-03-17,160.93
2022-03-18,160.91
2022-03-19,160.79
2022-03-20,160.71
2022-03-21,160.62
2022-03-22,160.65
2022-03-23,160.43
2022-03-24,160.39
2022-03-25,160.48
2022-03-26,160.61
2022-03-27,160.80
2022-03-28,160.92
2022-03-29,160.91
2022-03-30,161.30
2022-03-31,161.50
2022-04-01,161.50
2022-04-02,161.48
2022-04-03,161.38
2022-04-04,161.34
2022-04-05,161.34
2022-04-06,161.09
2022-04-07,160.84
2022-04-08,160.73
2022-04-09,160.34
2022-04-10,159.82
2022-04-11,159.33
2022-04-12,158.93
2022-04-13,158.59
2022-04-14,158.31
2022-04-15,158.10
2022-04-16,158.26
2022-04-17,158.57
2022-04-18,158.88
2022-04-19,159.21
2022-04-20,159.49
2022-04-21,159.78
2022-04-22,160.18
2022-04-23,160.53
2022-04-24,160.58
2022-04-25,160.66
2022-04-26,160.72
2022-04-27,160.34
2022-04-28,160.26
2022-04-29,160.04
2022-04-30,159.77
2022-05-01,160.23
2022-05-02,160.22
2022-05-03,160.19
2022-05-04,160.62
2022-05-05,160.58
2022-05-06,160.59
2022-05-07,160.59
2022-05-08,160.12
2022-05-09,160.15
2022-05-10,160.20
2022-05-11,160.11
2022-05-12,160.19
2022-05-13,160.13
2022-05-14,160.14
2022-05-15,160.23
2022-05-16,160.31
2022-05-17,160.30
2022-05-18,160.55
2022-05-19,160.64
2022-05-20,160.79
2022-05-21,160.69
2022-05-22,160.80
2022-05-23,160.84
2022-05-24,160.95
2022-05-25,160.82
2022-05-26,160.66
2022-05-27,160.57
2022-05-28,160.69
2022-05-29,160.53
2022-05-30,160.43
2022-05-31,160.20
2022-06-01,160.06
2022-06-02,160.03
2022-06-03,159.86
2022-06-04,159.76
2022-06-05,159.59
2022-06-06,159.39
2022-06-07,159.33
2022-06-08,159.23
2022-06-09,159.05
2022-06-10,158.89
2022-06-11,158.70
2022-06-12,158.59
2022-06-13,158.51
2022-06-14,158.45
2022-06-15,158.41
2022-06-16,158.33
2022-06-17,158.35
2022-06-18,158.35
2022-06-19,158.39
2022-06-20,158.39
2022-06-21,158.33
2022-06-22,158.26
2022-06-23,158.29
2022-06-24,158.16
2022-06-25,157.85
2022-06-26,157.56
2022-06-27,157.25
2022-06-28,156.93
2022-06-29,157.00
2022-06-30,157.01
2022-07-01,157.05
2022-07-02,157.18
2022-07-03,157.21
2022-07-04,157.18
2022-07-05,157.26
2022-07-06,156.81
2022-07-07,156.45
2022-07-08,156.22
2022-07-09,155.98
2022-07-10,155.84
2022-07-11,155.82
2022-07-12,155.71
2022-07-13,155.69
2022-07-14,155.58
2022-07-15,155.49
2022-07-16,155.45
2022-07-17,155.36
2022-07-18,155.20
2022-07-19,155.10
2022-07-20,155.01
2022-07-21,154.90
2022-07-22,154.90
2022-07-23,154.78
2022-07-24,154.79
2022-07-25,154.81
2022-07-26,154.84
2022-07-27,154.90
2022-07-28,155.01
2022-07-29,154.93
2022-07-30,155.05
2022-07-31,155.02
2022-08-01,155.01
2022-08-02,154.94
2022-08-03,154.92
2022-08-04,154.85
2022-08-05,154.89
2022-08-06,154.90
2022-08-07,154.90
2022-08-08,154.86
2022-08-09,154.79
2022-08-10,154.64
2022-08-11,154.53
2022-08-12,154.38
2022-08-13,154.09
2022-08-14,153.91
2022-08-15,153.77
2022-08-16,153.62
2022-08-17,153.50
2022-08-18,153.36
2022-08-19,153.21
2022-08-20,153.16
2022-08-21,153.02
2022-08-22,152.90
2022-08-23,152.76
2022-08-24,152.70
2022-08-25,152.67
2022-08-26,152.64
2022-08-27,152.65
2022-08-28,152.57
2022-08-29,152.43
2022-08-30,152.37
2022-08-31,152.31
2022-09-01,152.25
2022-09-02,152.12
2022-09-03,152.05
2022-09-04,152.07
2022-09-05,152.08
2022-09-06,151.97
2022-09-07,151.84
2022-09-08,151.70
2022-09-09,151.61
2022-09-10,151.53
2022-09-11,151.33
2022-09-12,151.24
2022-09-13,151.25
2022-09-14,151.13
2022-09-15,151.03
2022-09-16,150.96
2022-09-17,150.83
2022-09-18,150.79
2022-09-19,150.64
2022-09-20,150.39
2022-09-21,150.28
2022-09-22,150.14
2022-09-23,150.07
2022-09-24,150.02
2022-09-25,149.98
2022-09-26,149.99
2022-09-27,150.11
2022-09-28,150.13
2022-09-29,150.09
2022-09-30,149.97
2022-10-01,149.87
2022-10-02,149.79
2022-10-03,149.73
2022-10-04,149.53
2022-10-05,149.45
2022-10-06,149.39
2022-10-07,149.34
2022-10-08,149.30
2022-10-09,149.17
2022-10-10,149.09
2022-10-11,149.08
2022-10-12,149.02
2022-10-13,149.09
2022-10-14,149.11
2022-10-15,149.03
2022-10-16,149.08
2022-10-17,149.03
2022-10-18,149.01
2022-10-19,148.93
2022-10-20,148.78
2022-10-21,148.68
2022-10-22,148.36
2022-10-23,148.19
2022-10-24,148.08
2022-10-25,147.94
2022-10-26,147.85
2022-10-27,147.80
2022-10-28,147.68
2022-10-29,147.87
2022-10-30,147.85
2022-10-31,147.88
2022-11-01,147.85
2022-11-02,147.88
2022-11-03,147.84
2022-11-04,147.91
2022-11-05,147.94
2022-11-06,147.95
2022-11-07,148.00
2022-11-08,148.16
2022-11-09,148.25
2022-11-10,148.38
2022-11-11,148.41
2022-11-12,148.49
2022-11-13,148.54
2022-11-14,148.51
2022-11-15,148.49
2022-11-16,148.47
2022-11-17,148.42
2022-11-18,148.35
2022-11-19,148.18
2022-11-20,148.11
2022-11-21,148.06
2022-11-22,148.01
2022-11-23,147.92
2022-11-24,147.80
2022-11-25,147.74
2022-11-26,147.74
2022-11-27,147.65
2022-11-28,147.55
2022-11-29,147.35
2022-11-30,147.23
2022-12-01,147.10
2022-12-02,146.87
2022-12-03,146.68
2022-12-04,146.46
2022-12-05,146.30
2022-12-06,146.12
2022-12-07,145.84
2022-12-08,145.55
2022-12-09,145.48
2022-12-10,145.29
2022-12-11,145.19
2022-12-12,145.08
2022-12-13,145.05
2022-12-14,145.16
2022-12-15,145.29
2022-12-16,145.24
2022-12-17,145.37
2022-12-18,145.41
2022-12-19,145.43
2022-12-20,145.38
2022-12-21,145.26
2022-12-22,145.19
2022-12-23,145.01
2022-12-24,144.82
2022-12-25,144.63
2022-12-26,144.49
2022-12-27,144.36
2022-12-28,144.18
2022-12-29,144.00
2022-12-30,143.94
2022-12-31,143.78
2023-01-01,143.60
2023-01-02,143.40
2023-01-03,143.17
2023-01-04,142.85
2023-01-05,142.52
2023-01-06,142.25
2023-01-07,142.11
2023-01-08,142.04
2023-01-09,141.92
2023-01-10,141.88
2023-01-11,141.98
2023-01-12,142.06
2023-01-13,142.11
2023-01-14,141.98
2023-01-15,141.83
2023-01-16,141.76
2023-01-17,141.62
2023-01-18,141.47
2023-01-19,141.41
2023-01-20,141.32
2023-01-21,141.25
2023-01-22,141.22
2023-01-23,141.14
2023-01-24,141.09
2023-01-25,141.05
2023-01-26,140.96
2023-01-27,140.86
2023-01-28,140.84
2023-01-29,140.72
2023-01-30,140.60
2023-01-31,140.48
2023-02-01,140.37
2023-02-02,140.14
2023-02-03,139.94
2023-02-04,139.79
2023-02-05,139.64
2023-02-06,139.46
2023-02-07,139.27
2023-02-08,139.01
2023-02-09,138.84
2023-02-10,138.56
2023-02-11,138.23
2023-02-12,137.91
2023-02-13,137.64
2023-02-14,137.35
2023-02-15,137.21
2023-02-16,137.07
2023-02-17,137.03
2023-02-18,136.56
2023-02-19,136.42
2023-02-20,136.35
2023-02-21,136.27
2023-02-22,136.17
2023-02-23,136.20
2023-02-24,136.05
2023-02-25,136.29
2023-02-26,136.26
2023-02-27,136.09
2023-02-28,135.89
2023-03-01,135.28
2023-03-02,134.97
2023-03-03,134.75
2023-03-04,134.54
2023-03-05,134.40
2023-03-06,134.31
2023-03-07,134.15
2023-03-08,134.14
2023-03-09,133.89
2023-03-10,134.38
2023-03-11,134.96
2023-03-12,135.40
2023-03-13,135.77
2023-03-14,136.21
2023-03-15,136.95
2023-03-16,137.57
2023-03-17,137.53
2023-03-18,137.41
2023-03-19,137.26
2023-03-20,137.22
2023-03-21,137.21
2023-03-22,137.08
2023-03-23,136.84
2023-03-24,136.73
2023-03-25,136.57
2023-03-26,136.57
2023-03-27,136.50
2023-03-28,136.48
2023-03-29,136.38
2023-03-30,136.56
2023-03-31,136.56
2023-04-01,136.60
2023-04-02,136.61
2023-04-03,136.55
2023-04-04,136.62
2023-04-05,136.75
2023-04-06,136.72
2023-04-07,136.81
2023-04-08,136.89
2023-04-09,136.96
2023-04-10,137.13
2023-04-11,137.20
2023-04-12,137.31
2023-04-13,137.39
2023-04-14,137.30
2023-04-15,137.05
2023-04-16,137.05
2023-04-17,137.02
2023-04-18,136.97
2023-04-19,136.76
2023-04-20,136.69
2023-04-21,136.74
2023-04-22,137.01
2023-04-23,136.96
2023-04-24,136.93
2023-04-25,136.90
2023-04-26,137.01
2023-04-27,137.03
2023-04-28,137.02
2023-04-29,136.94
2023-04-30,136.88
2023-05-01,136.79
2023-05-02,136.75
2023-05-03,136.58
2023-05-04,136.23
2023-05-05,136.13
2023-05-06,136.05
2023-05-07,136.04
2023-05-08,135.94
2023-05-09,135.77
2023-05-10,135.73
2023-05-11,135.79
2023-05-12,135.11
2023-05-13,134.91
2023-05-14,134.69
2023-05-15,134.58
2023-05-16,134.35
2023-05-17,134.25
2023-05-18,134.24
2023-05-19,134.75
2023-05-20,134.80
2023-05-21,134.89
2023-05-22,135.00
2023-05-23,135.13
2023-05-24,135.18
2023-05-25,135.14
2023-05-26,135.08
2023-05-27,135.00
2023-05-28,134.84
2023-05-29,134.68
2023-05-30,134.56
2023-05-31,134.34
2023-06-01,134.12
2023-06-02,133.96
2023-06-03,133.76
2023-06-04,133.57
2023-06-05,133.39
2023-06-06,133.25
2023-06-07,133.15
2023-06-08,133.05
2023-06-09,132.88
2023-06-10,132.69
2023-06-11,132.56
2023-06-12,132.40
2023-06-13,132.28
2023-06-14,132.22
2023-06-15,132.17
2023-06-16,132.03
2023-06-17,131.98
2023-06-18,131.97
2023-06-19,131.92
2023-06-20,131.85
2023-06-21,131.67
2023-06-22,131.59
2023-06-23,131.55
2023-06-24,131.45
2023-06-25,131.23
2023-06-26,130.99
2023-06-27,130.78
2023-06-28,130.50
2023-06-29,130.47
2023-06-30,130.42
2023-07-01,130.38
2023-07-02,130.21
2023-07-03,130.13
2023-07-04,129.98
2023-07-05,130.07
2023-07-06,129.67
2023-07-07,129.39
2023-07-08,129.26
2023-07-09,129.27
2023-07-10,129.25
2023-07-11,129.33
2023-07-12,129.33
2023-07-13,129.52
2023-07-14,129.75
2023-07-15,129.82
2023-07-16,129.92
2023-07-17,129.97
2023-07-18,129.96
2023-07-19,129.90
2023-07-20,129.83
2023-07-21,129.76
2023-07-22,129.50
2023-07-23,129.52
2023-07-24,129.54
2023-07-25,129.63
2023-07-26,129.73
2023-07-27,129.82
2023-07-28,129.83
2023-07-29,130.11
2023-07-30,130.10
2023-07-31,130.10
2023-08-01,130.09
2023-08-02,130.03
2023-08-03,129.98
2023-08-04,129.95
2023-08-05,129.91
2023-08-06,129.86
2023-08-07,129.83
2023-08-08,129.79
2023-08-09,129.76
2023-08-10,129.75
2023-08-11,129.71
2023-08-12,129.58
2023-08-13,129.59
2023-08-14,129.55
2023-08-15,129.54
2023-08-16,129.51
2023-08-17,129.49
2023-08-18,129.48
2023-08-19,129.53
2023-08-20,129.49
2023-08-21,129.52
2023-08-22,129.38
2023-08-23,129.25
2023-08-24,129.17
2023-08-25,129.12
2023-08-26,129.05
2023-08-27,128.98
2023-08-28,128.92
2023-08-29,129.01
2023-08-30,129.10
2023-08-31,129.12
2023-09-01,129.03
2023-09-02,129.08
2023-09-03,129.03
2023-09-04,129.04
2023-09-05,128.99
2023-09-06,128.95
2023-09-07,128.98
2023-09-08,129.03
2023-09-09,129.04
2023-09-10,129.17
2023-09-11,129.23
2023-09-12,129.30
2023-09-13,129.36
2023-09-14,129.33
2023-09-15,129.31
2023-09-16,129.23
2023-09-17,128.92
2023-09-18,128.55
2023-09-19,128.24
2023-09-20,127.94
2023-09-21,127.74
2023-09-22,127.55
2023-09-23,127.33
2023-09-24,127.35
2023-09-25,127.45
2023-09-26,127.57
2023-09-27,127.65
2023-09-28,127.65
2023-09-29,127.65
2023-09-30,127.61
2023-10-01,127.54
2023-10-02,127.38
2023-10-03,127.25
2023-10-04,127.15
2023-10-05,127.06
2023-10-06,126.95
2023-10-07,126.95
2023-10-08,126.90
2023-10-09,126.91
2023-10-10,126.87
2023-10-11,126.81
2023-10-12,126.81
2023-10-13,126.82
2023-10-14,126.75
2023-10-15,126.82
2023-10-16,126.83
2023-10-17,126.81
2023-10-18,126.76
2023-10-19,126.68
2023-10-20,126.57
2023-10-21,126.37
2023-10-22,126.27
2023-10-23,126.16
2023-10-24,126.08
2023-10-25,126.03
2023-10-26,125.99
2023-10-27,125.91
2023-10-28,126.02
2023-10-29,125.86
2023-10-30,125.83
2023-10-31,125.79
2023-11-01,125.86
2023-11-02,125.81
2023-11-03,125.82
2023-11-04,125.78
2023-11-05,125.78
2023-11-06,125.70
2023-11-07,125.65
2023-11-08,125.48
2023-11-09,125.33
2023-11-10,125.25
2023-11-11,125.16
2023-11-12,125.05
2023-11-13,124.97
2023-11-14,124.85
2023-11-15,124.67
2023-11-16,124.66
2023-11-17,124.58
2023-11-18,124.43
2023-11-19,124.38
2023-11-20,124.35
2023-11-21,124.33
2023-11-22,124.20
2023-11-23,124.09
2023-11-24,123.94
2023-11-25,123.87
2023-11-26,123.73
2023-11-27,123.57
2023-11-28,123.45
2023-11-29,123.51
2023-11-30,123.42
2023-12-01,123.41
2023-12-02,123.38
2023-12-03,123.36
2023-12-04,123.37
2023-12-05,123.35
2023-12-06,123.30
2023-12-07,123.33
2023-12-08,123.35
2023-12-09,123.24
2023-12-10,123.28
2023-12-11,123.31
2023-12-12,123.29
2023-12-13,123.25
2023-12-14,123.21
2023-12-15,123.11
2023-12-16,123.12
2023-12-17,122.84
2023-12-18,122.67
2023-12-19,122.57
2023-12-20,122.48
2023-12-21,122.34
2023-12-22,122.26
2023-12-23,122.20
2023-12-24,122.30
2023-12-25,122.32
2023-12-26,122.32
2023-12-27,122.34
2023-12-28,122.34
2023-12-29,122.31
2023-12-30,122.26
2023-12-31,122.08
2024-01-01,121.84
2024-01-02,121.60
2024-01-03,121.42
2024-01-04,121.38
2024-01-05,121.36
2024-01-06,121.35
2024-01-07,121.42
2024-01-08,121.47
2024-01-09,121.57
2024-01-10,121.60
2024-01-11,121.52
2024-01-12,121.41
2024-01-13,121.29
2024-01-14,121.25
2024-01-15,121.23
2024-01-16,121.08
2024-01-17,120.96
2024-01-18,120.82
2024-01-19,120.74
2024-01-20,120.72
2024-01-21,120.63
2024-01-22,120.54
2024-01-23,120.54
2024-01-24,120.44
2024-01-25,120.35
2024-01-26,120.22
2024-01-27,120.14
2024-01-28,120.03
2024-01-29,119.96
2024-01-30,119.85
2024-01-31,119.80
2024-02-01,119.78
2024-02-02,119.75
2024-02-03,119.75
2024-02-04,119.71
2024-02-05,119.63
2024-02-06,119.59
2024-02-07,119.62
2024-02-08,119.63
2024-02-09,119.72
2024-02-10,119.69
2024-02-11,119.71
2024-02-12,119.81
2024-02-13,119.87
2024-02-14,119.94
2024-02-15,119.97
2024-02-16,119.97
2024-02-17,119.76
2024-02-18,119.81
2024-02-19,119.85
2024-02-20,119.88
2024-02-21,119.86
2024-02-22,119.74
2024-02-23,119.62
2024-02-24,119.82
2024-02-25,119.73
2024-02-26,119.61
2024-02-27,119.47
2024-02-28,119.36
2024-02-29,119.44
2024-03-01,119.34
2024-03-02,119.23
2024-03-03,119.18
2024-03-04,119.15
2024-03-05,119.18
2024-03-06,119.27
2024-03-07,119.31
2024-03-08,119.47
2024-03-09,119.66
2024-03-10,119.78
2024-03-11,119.88
2024-03-12,119.96
2024-03-13,120.01
2024-03-14,120.03
2024-03-15,120.13
2024-03-16,120.09
2024-03-17,120.11
2024-03-18,120.08
2024-03-19,120.07
2024-03-20,120.02
2024-03-21,119.99
2024-03-22,119.88
2024-03-23,119.85
2024-03-24,119.79
2024-03-25,119.81
2024-03-26,119.83
2024-03-27,119.86
2024-03-28,119.87
2024-03-29,119.93
2024-03-30,120.09
2024-03-31,120.24
2024-04-01,120.29
2024-04-02,120.35
2024-04-03,120.43
2024-04-04,120.53
2024-04-05,120.63
2024-04-06,120.55
2024-04-07,120.49
2024-04-08,120.49
2024-04-09,120.48
2024-04-10,120.43
2024-04-11,120.37
2024-04-12,120.26
2024-04-13,120.13
2024-04-14,120.02
2024-04-15,119.92
2024-04-16,119.72
2024-04-17,119.54
2024-04-18,119.30
2024-04-19,119.14
2024-04-20,118.90
2024-04-21,118.73
2024-04-22,118.55
2024-04-23,118.45
2024-04-24,118.29
2024-04-25,118.23
2024-04-26,118.11
2024-04-27,118.14
2024-04-28,118.09
2024-04-29,118.08
2024-04-30,118.00
2024-05-01,117.88
2024-05-02,117.74
2024-05-03,117.70
2024-05-04,117.61
2024-05-05,117.50
2024-05-06,117.35
2024-05-07,117.35
2024-05-08,117.37
2024-05-09,117.35
2024-05-10,117.31
2024-05-11,117.27
2024-05-12,117.23
2024-05-13,117.21
2024-05-14,117.12
2024-05-15,117.04
2024-05-16,116.98
2024-05-17,116.87
2024-05-18,116.53
2024-05-19,115.98
2024-05-20,115.41
2024-05-21,114.84
2024-05-22,114.77
2024-05-23,114.68
2024-05-24,114.58
2024-05-25,114.68
2024-05-26,115.03
2024-05-27,115.37
2024-05-28,115.66
2024-05-29,115.44
2024-05-30,115.31
2024-05-31,115.21
2024-06-01,115.19
2024-06-02,115.14
2024-06-03,115.14
2024-06-04,115.15
2024-06-05,115.24
2024-06-06,115.25
2024-06-07,115.28
2024-06-08,115.29
2024-06-09,115.30
2024-06-10,115.28
2024-06-11,115.26
2024-06-12,115.20
2024-06-13,115.11
2024-06-14,114.96
2024-06-15,114.76
2024-06-16,114.70
2024-06-17,114.64
2024-06-18,114.59
2024-06-19,114.52
2024-06-20,114.52
2024-06-21,114.43
2024-06-22,114.41
2024-06-23,114.29
2024-06-24,114.16
2024-06-25,113.97
2024-06-26,113.80
2024-06-27,113.61
2024-06-28,113.48
2024-06-29,113.52
2024-06-30,113.59
2024-07-01,113.64
2024-07-02,113.63
2024-07-03,113.70
2024-07-04,113.76
2024-07-05,113.88
2024-07-06,113.72
2024-07-07,113.58
2024-07-08,113.47
2024-07-09,113.51
2024-07-10,113.49
2024-07-11,113.49
2024-07-12,113.51
2024-07-13,113.60
2024-07-14,113.62
2024-07-15,113.67
2024-07-16,113.68
2024-07-17,113.72
2024-07-18,113.69
2024-07-19,113.70
2024-07-20,113.52
2024-07-21,113.62
2024-07-22,113.76
2024-07-23,113.94
2024-07-24,114.10
2024-07-25,114.29
2024-07-26,114.44
2024-07-27,114.73
2024-07-28,114.78
2024-07-29,114.78
2024-07-30,114.78
2024-07-31,114.78
2024-08-01,114.77
2024-08-02,114.79
2024-08-03,114.82
2024-08-04,114.77
2024-08-05,114.73
2024-08-06,114.63
2024-08-07,114.58
2024-08-08,114.51
2024-08-09,114.36
2024-08-10,114.22
2024-08-11,114.19
2024-08-12,114.14
2024-08-13,114.11
2024-08-14,114.02
2024-08-15,113.96
2024-08-16,113.95
2024-08-17,113.97
2024-08-18,113.91
2024-08-19,113.83
2024-08-20,113.69
2024-08-21,113.57
2024-08-22,113.44
2024-08-23,113.35
2024-08-24,113.21
2024-08-25,113.04
2024-08-26,112.92
2024-08-27,112.89
2024-08-28,112.89
2024-08-29,112.84
2024-08-30,112.77
2024-08-31,112.73
2024-09-01,112.75
2024-09-02,112.73
2024-09-03,112.66
2024-09-04,112.57
2024-09-05,112.49
2024-09-06,112.41
2024-09-07,112.47
2024-09-08,112.47
2024-09-09,112.49
2024-09-10,112.55
2024-09-11,112.64
2024-09-12,112.70
2024-09-13,112.78
2024-09-14,112.76
2024-09-15,112.75
2024-09-16,112.78
2024-09-17,112.85
2024-09-18,112.94
2024-09-19,113.05
2024-09-20,113.13
2024-09-21,113.16
2024-09-22,113.21
2024-09-23,113.23
2024-09-24,113.18
2024-09-25,113.09
2024-09-26,113.04
2024-09-27,112.96
2024-09-28,112.89
2024-09-29,112.88
2024-09-30,112.89
2024-10-01,112.82
2024-10-02,112.73
2024-10-03,112.57
2024-10-04,112.53
2024-10-05,112.51
2024-10-06,112.39
2024-10-07,112.22
2024-10-08,112.14
2024-10-09,112.05
2024-10-10,111.93
2024-10-11,111.55
2024-10-12,111.32
2024-10-13,111.11
2024-10-14,110.85
2024-10-15,110.60
2024-10-16,110.34
2024-10-17,110.15
2024-10-18,109.96
2024-10-19,109.54
2024-10-20,109.28
2024-10-21,109.01
2024-10-22,108.84
2024-10-23,108.67
2024-10-24,108.47
2024-10-25,108.47
2024-10-26,108.60
2024-10-27,108.59
2024-10-28,108.66
2024-10-29,108.66
2024-10-30,108.60
2024-10-31,108.73
2024-11-01,108.71
2024-11-02,108.83
2024-11-03,108.89
2024-11-04,108.90
2024-11-05,108.97
2024-11-06,109.09
2024-11-07,109.15
2024-11-08,109.31
2024-11-09,109.34
2024-11-10,109.42
2024-11-11,109.58
2024-11-12,109.66
2024-11-13,109.78
2024-11-14,109.81
2024-11-15,109.90
2024-11-16,109.92
2024-11-17,109.93
2024-11-18,109.94
2024-11-19,109.97
2024-11-20,109.99
2024-11-21,110.05
2024-11-22,110.17
2024-11-23,110.30
2024-11-24,110.45
2024-11-25,110.60
2024-11-26,110.75
2024-11-27,110.89
2024-11-28,111.01
2024-11-29,110.98
2024-11-30,110.96
2024-12-01,110.96
2024-12-02,110.98
2024-12-03,110.97
2024-12-04,110.98
2024-12-05,110.92
2024-12-06,110.97
2024-12-07,111.06
2024-12-08,111.11
2024-12-09,111.17
2024-12-10,111.19
2024-12-11,111.13
2024-12-12,111.19
2024-12-13,111.19
2024-12-14,111.03
2024-12-15,111.03
2024-12-16,111.01
2024-12-17,111.05
2024-12-18,111.16
2024-12-19,111.17
2024-12-20,111.21
2024-12-21,111.42
2024-12-22,111.53
2024-12-23,111.64
2024-12-24,111.70
2024-12-25,111.74
2024-12-26,111.79
2024-12-27,111.80
2024-12-28,111.82
2024-12-29,111.81
2024-12-30,111.81
2024-12-31,111.80
2025-01-01,111.67
2025-01-02,111.50
2025-01-03,111.39
2025-01-04,111.16
2025-01-05,110.93
2025-01-06,110.62
2025-01-07,110.38
2025-01-08,110.39
2025-01-09,110.49
2025-01-10,110.57
2025-01-11,110.55
2025-01-12,110.60
2025-01-13,110.68
2025-01-14,110.71
2025-01-15,110.75
2025-01-16,110.76
2025-01-17,110.77
2025-01-18,110.78
2025-01-19,110.83
2025-01-20,110.86
2025-01-21,110.86
2025-01-22,110.80
2025-01-23,110.75
2025-01-24,110.71
2025-01-25,110.74
2025-01-26,110.69
2025-01-27,110.62
2025-01-28,110.50
2025-01-29,110.49
2025-01-30,110.47
2025-01-31,110.43
2025-02-01,110.34
2025-02-02,110.28
2025-02-03,110.22
2025-02-04,110.26
2025-02-05,110.21
2025-02-06,110.17
2025-02-07,110.12
2025-02-08,110.14
2025-02-09,110.13
2025-02-10,110.16
2025-02-11,110.22
2025-02-12,110.29
2025-02-13,110.34
2025-02-14,110.38
2025-02-15,110.21
2025-02-16,110.27
2025-02-17,110.33
2025-02-18,110.26
2025-02-19,110.14
2025-02-20,110.03
2025-02-21,109.91
2025-02-22,110.07
2025-02-23,109.99
2025-02-24,109.91
2025-02-25,109.91
2025-02-26,109.88
2025-02-27,109.88
2025-02-28,109.91
2025-03-01,109.75
2025-03-02,109.73
2025-03-03,109.63
2025-03-04,109.49
2025-03-05,109.34
2025-03-06,109.33
2025-03-07,109.28
2025-03-08,109.33
2025-03-09,109.32
2025-03-10,109.26
2025-03-11,109.19
2025-03-12,109.26
2025-03-13,109.18
2025-03-14,109.12
2025-03-15,109.11
2025-03-16,109.10
2025-03-17,109.09
2025-03-18,109.15
2025-03-19,109.12
2025-03-20,109.05
2025-03-21,109.00
2025-03-22,108.88
2025-03-23,108.69
2025-03-24,108.57
2025-03-25,108.46
2025-03-26,108.38
2025-03-27,108.28
2025-03-28,108.13
2025-03-29,108.00
2025-03-30,107.99
2025-03-31,107.98
2025-04-01,108.00
2025-04-02,108.02
2025-04-03,108.17
2025-04-04,108.39
2025-04-05,108.51
2025-04-06,108.51
2025-04-07,108.50
2025-04-08,108.53
2025-04-09,108.53
2025-04-10,108.38
2025-04-11,108.19
2025-04-12,108.20
2025-04-13,108.21
2025-04-14,108.18
2025-04-15,108.11
2025-04-16,108.00
2025-04-17,108.03
2025-04-18,107.97
2025-04-19,107.80
2025-04-20,107.67
2025-04-21,107.56
2025-04-22,107.40
2025-04-23,107.28
2025-04-24,107.06
2025-04-25,106.95
2025-04-26,106.89
2025-04-27,106.87
2025-04-28,106.83
2025-04-29,106.83
2025-04-30,106.86
2025-05-01,106.61
2025-05-02,106.69
2025-05-03,106.79
2025-05-04,106.83
2025-05-05,106.38
2025-05-06,106.43
2025-05-07,106.49
2025-05-08,106.75
2025-05-09,106.71
2025-05-10,106.68
2025-05-11,106.62
2025-05-12,107.06
2025-05-13,107.01
2025-05-14,106.87
2025-05-15,106.89
2025-05-16,106.86
2025-05-17,106.63
2025-05-18,106.69
2025-05-19,106.73
2025-05-20,106.75
2025-05-21,106.78
2025-05-22,106.78
2025-05-23,106.78
2025-05-24,106.95
2025-05-25,106.84
2025-05-26,106.75
2025-05-27,106.61
2025-05-28,106.51
2025-05-29,106.42
2025-05-30,106.17
2025-05-31,106.08
2025-06-01,106.06
2025-06-02,106.04
2025-06-03,106.06
2025-06-04,106.15
2025-06-05,106.22
2025-06-06,106.41
2025-06-07,106.42
2025-06-08,106.36
2025-06-09,106.30
2025-06-10,106.24
2025-06-11,106.17
2025-06-12,106.10
2025-06-13,106.05
2025-06-14,105.88
2025-06-15,105.93
2025-06-16,105.95
2025-06-17,105.98
2025-06-18,105.96
2025-06-19,105.94
2025-06-20,105.90
2025-06-21,106.07
2025-06-22,106.03
2025-06-23,105.99
2025-06-24,105.93
2025-06-25,105.84
2025-06-26,105.66
2025-06-27,105.53
2025-06-28,105.23
2025-06-29,105.20
2025-06-30,105.20
2025-07-01,105.16
2025-07-02,105.00
2025-07-03,104.98
2025-07-04,104.94
2025-07-05,105.02
2025-07-06,104.82
2025-07-07,104.65
2025-07-08,104.38
2025-07-09,104.36
2025-07-10,104.27
2025-07-11,104.24
2025-07-12,104.20
2025-07-13,104.17
2025-07-14,104.14
2025-07-15,104.37
2025-07-16,104.50
2025-07-17,104.64
2025-07-18,104.70
2025-07-19,104.66
2025-07-20,104.79
2025-07-21,104.91
2025-07-22,104.95
2025-07-23,105.02
2025-07-24,105.11
2025-07-25,105.24
2025-07-26,105.50
2025-07-27,105.57
2025-07-28,105.66
2025-07-29,105.72
2025-07-30,105.72
2025-07-31,105.75
2025-08-01,105.75
2025-08-02,105.74
2025-08-03,105.75
2025-08-04,105.72
2025-08-05,105.68
2025-08-06,105.74
2025-08-07,105.80
2025-08-08,105.81
2025-08-09,105.81
2025-08-10,105.89
2025-08-11,105.91
2025-08-12,105.97
2025-08-13,105.97
2025-08-14,105.96
2025-08-15,105.96
2025-08-16,106.06
2025-08-17,106.05
2025-08-18,106.12
2025-08-19,106.17
2025-08-20,106.22
2025-08-21,106.25
2025-08-22,106.31
2025-08-23,106.19
2025-08-24,106.17
2025-08-25,106.15
2025-08-26,106.11
2025-08-27,105.96
2025-08-28,105.87
2025-08-29,105.58
2025-08-30,105.40
2025-08-31,105.12
2025-09-01,104.90
2025-09-02,104.61
2025-09-03,104.51
2025-09-04,104.39
2025-09-05,104.45
